identifier,content_identifier
Counter-SW-Des,EXE-LLR-1
Counter-SW-Des,EXE-LLR-2
Counter-SW-Des,EXE-LLR-3
Counter-SW-Des,IN-LLR-1
Counter-SW-Des,IN-LLR-4
Counter-SW-Des,IN-LLR-5
Counter-SW-Des,IN-LLR-6
Counter-SW-Des,OUT-LLR-1
Counter-SW-Des,IN-LLR-2:v1
Counter-SW-Des,IN-LLR-3:v1
Counter-SW-Des,OUT-LLR-2:v1
Counter-SW-Des,IN-LLR-2:v2
Counter-SW-Des,IN-LLR-3:v2
Counter-SW-Des,OUT-LLR-2:v2
Counter-SW-Des,DCC-3
Counter-SW-Des,DCC-4
Counter-SW-Des,DCC-5
Counter-SW-Des,DCC-6
Counter-SW-Des,DCC-1
Counter-SW-Des,DCC-2
Counter-SW-Des,ExecutiveThread
Counter-SW-Des,InputThread
Counter-SW-Des,OutputThread

