"identifier","startedAtTime","endedAtTime","authorId","governedById","reviewedId","wasInformedById","reviewerId","dataInsertedById"
null,null,null,"Jane Doe",null,"IN-LLR-1",null,null,null
null,null,null,"Jane Doe",null,"IN-LLR-2",null,null,null
null,null,null,"Jane Doe",null,"IN-LLR-3",null,null,null
null,null,null,"Jane Doe",null,"IN-LLR-4",null,null,null
null,null,null,"Jane Doe",null,"IN-LLR-5",null,null,null
null,null,null,"Jane Doe",null,"IN-LLR-6",null,null,null
null,null,null,"Jane Doe",null,"OUT-LLR-1",null,null,null
null,null,null,"Jane Doe",null,"OUT-LLR-2",null,null,null
null,null,null,"Jane Doe",null,"EXE-LLR-1",null,null,null
null,null,null,"Jane Doe",null,"EXE-LLR-2",null,null,null
null,null,null,"Jane Doe",null,"EXE-LLR-3",null,null,null

