"filename","fileFormat","generatedAtTime","invalidatedAtTime","identifier","createBy","satisfiesId","wasAttributedToId","dataInsertedById"
"counter.h","CSourceFile",null,null,"counter_h","CodeSW-1","EXE-LLR-1",null,null
"counter.h","CSourceFile",null,null,"counter_h","CodeSW-1","EXE-LLR-2",null,null
"counter.h","CSourceFile",null,null,"counter_h","CodeSW-1","EXE-LLR-3",null,null
"hw.h","CSourceFile",null,null,"hw_h","CodeSW-1","IN-LLR-1",null,null
"hw.h","CSourceFile",null,null,"hw_h","CodeSW-1","IN-LLR-2",null,null
"hw.h","CSourceFile",null,null,"hw_h","CodeSW-1","IN-LLR-3",null,null
"hw.h","CSourceFile",null,null,"hw_h","CodeSW-1","IN-LLR-4",null,null
"hw.h","CSourceFile",null,null,"hw_h","CodeSW-1","IN-LLR-5",null,null
"hw.h","CSourceFile",null,null,"hw_h","CodeSW-1","IN-LLR-6",null,null
"input.h","CSourceFile",null,null,"input_h","CodeSW-1",null,null,null
"output.h","CSourceFile",null,null,"output_h","CodeSW-1","OUT-LLR-1",null,null
"output.h","CSourceFile",null,null,"output_h","CodeSW-1","OUT-LLR-2",null,null
"test.h","CSourceFile",null,null,"test_h","CodeSW-1",null,null,null

