"startedAtTime","identifier","compileInput","endedAtTime","compiledBy","wasAssociatedWithId","dataInsertedById","wasInformedById"
null,"counter_exe_Compiling","counter_c",null,"GCC",null,null,null
null,"counter_exe_Compiling","counter_h",null,"GCC",null,null,null
null,"counter_exe_Compiling","input_o",null,"GCC",null,null,null
null,"counter_exe_Compiling","libhw_so",null,"GCC",null,null,null
null,"counter_exe_Compiling","output_o",null,"GCC",null,null,null
null,"input_o_Compiling","input_c",null,null,null,null,null
null,"input_o_Compiling","input_h",null,null,null,null,null
null,"libhw_so_Compiling","hw_o",null,"GCC",null,null,null
null,"output_o_Compiling","output_c",null,null,null,null,null
null,"output_o_Compiling","output_h",null,null,null,null,null
null,"test_exe_Compiling","test_c",null,null,null,null,null
null,"test_exe_Compiling","test_h",null,null,null,null,null

